name,rating,categories,address,zip_code,embedding_text
Curry & Clay Oven,4.8,Restaurant,"5645 Langston Blvd., Arlington",22201,"Curry & Clay Oven. Category: Restaurant. Known for Restaurant dishes. Located at 5645 Langston Blvd., Arlington. Rated 4.8 stars. A popular spot for people craving Restaurant or similar foods."
Charga on The Pike,4.8,Restaurant,"3203 Columbia Pike, Arlington",22201,"Charga on The Pike. Category: Restaurant. Known for Restaurant dishes. Located at 3203 Columbia Pike, Arlington. Rated 4.8 stars. A popular spot for people craving Restaurant or similar foods."
Aladdin Restaurant,4.8,Restaurant,"5119 Lee Hwy, Arlington",22201,"Aladdin Restaurant. Category: Restaurant. Known for Restaurant dishes. Located at 5119 Lee Hwy, Arlington. Rated 4.8 stars. A popular spot for people craving Restaurant or similar foods."
Himalayan Wild Yak - Arlington,4.8,Restaurant,"1010 N Glebe Rd, Arlington",22201,"Himalayan Wild Yak - Arlington. Category: Restaurant. Known for Restaurant dishes. Located at 1010 N Glebe Rd, Arlington. Rated 4.8 stars. A popular spot for people craving Restaurant or similar foods."
Spice Kraft Indian Bistro,4.7,Bar,"1135 N Highland St, Arlington",22201,"Spice Kraft Indian Bistro. Category: Bar. Known for Bar dishes. Located at 1135 N Highland St, Arlington. Rated 4.7 stars. A popular spot for people craving Bar or similar foods."
Royal Nepal Restaurant,4.7,Restaurant,"3807 Mt Vernon Ave, Alexandria",22201,"Royal Nepal Restaurant. Category: Restaurant. Known for Restaurant dishes. Located at 3807 Mt Vernon Ave, Alexandria. Rated 4.7 stars. A popular spot for people craving Restaurant or similar foods."
Akivva Grill,4.6,Restaurant,"2921 S Glebe Rd, Arlington",22201,"Akivva Grill. Category: Restaurant. Known for Restaurant dishes. Located at 2921 S Glebe Rd, Arlington. Rated 4.6 stars. A popular spot for people craving Restaurant or similar foods."
RASA,4.5,Restaurant,"2200 Crystal Dr Suite F, Arlington",22201,"RASA. Category: Restaurant. Known for Restaurant dishes. Located at 2200 Crystal Dr Suite F, Arlington. Rated 4.5 stars. A popular spot for people craving Restaurant or similar foods."
Tikka Masala Street Food,4.5,Restaurant,"2200 Clarendon Blvd, Arlington",22201,"Tikka Masala Street Food. Category: Restaurant. Known for Restaurant dishes. Located at 2200 Clarendon Blvd, Arlington. Rated 4.5 stars. A popular spot for people craving Restaurant or similar foods."
Mehran Restaurant,4.5,Restaurant,"2721 Wilson Blvd, Arlington",22201,"Mehran Restaurant. Category: Restaurant. Known for Restaurant dishes. Located at 2721 Wilson Blvd, Arlington. Rated 4.5 stars. A popular spot for people craving Restaurant or similar foods."
Enjera Restaurant,4.4,Bar,"549 23rd St S, Arlington",22201,"Enjera Restaurant. Category: Bar. Known for Bar dishes. Located at 549 23rd St S, Arlington. Rated 4.4 stars. A popular spot for people craving Bar or similar foods."
Bollywood Bistro Express,4.4,Restaurant,"4238 Wilson Blvd, Arlington",22201,"Bollywood Bistro Express. Category: Restaurant. Known for Restaurant dishes. Located at 4238 Wilson Blvd, Arlington. Rated 4.4 stars. A popular spot for people craving Restaurant or similar foods."
Urban Tandoor,4.3,Restaurant,"801 N Quincy St, Arlington",22201,"Urban Tandoor. Category: Restaurant. Known for Restaurant dishes. Located at 801 N Quincy St, Arlington. Rated 4.3 stars. A popular spot for people craving Restaurant or similar foods."
City Kabob (Arlington),4.1,Restaurant,"Right Side of Mcdonald's Behind 7-Eleven, 3007 Columbia Pike, Arlington",22201,"City Kabob (Arlington). Category: Restaurant. Known for Restaurant dishes. Located at Right Side of Mcdonald's Behind 7-Eleven, 3007 Columbia Pike, Arlington. Rated 4.1 stars. A popular spot for people craving Restaurant or similar foods."
Raaga Restaurant,4.1,Restaurant,"5872 Leesburg Pike, Falls Church",22201,"Raaga Restaurant. Category: Restaurant. Known for Restaurant dishes. Located at 5872 Leesburg Pike, Falls Church. Rated 4.1 stars. A popular spot for people craving Restaurant or similar foods."
Masala Express,4.1,Restaurant,"2622 N Pershing Dr A, Arlington",22201,"Masala Express. Category: Restaurant. Known for Restaurant dishes. Located at 2622 N Pershing Dr A, Arlington. Rated 4.1 stars. A popular spot for people craving Restaurant or similar foods."
Kabobistan,4.1,Restaurant,"3400 VA-244, Arlington",22201,"Kabobistan. Category: Restaurant. Known for Restaurant dishes. Located at 3400 VA-244, Arlington. Rated 4.1 stars. A popular spot for people craving Restaurant or similar foods."
Kohinoor Dhaba,4.0,Restaurant,"2800 S Eads St, Arlington",22201,"Kohinoor Dhaba. Category: Restaurant. Known for Restaurant dishes. Located at 2800 S Eads St, Arlington. Rated 4 stars. A popular spot for people craving Restaurant or similar foods."
Ravi Kabob House,4.0,Restaurant,"305 N Glebe Rd, Arlington",22201,"Ravi Kabob House. Category: Restaurant. Known for Restaurant dishes. Located at 305 N Glebe Rd, Arlington. Rated 4 stars. A popular spot for people craving Restaurant or similar foods."
Delhi Dhaba,3.9,Meal Takeaway,"2424 Wilson Blvd, Arlington",22201,"Delhi Dhaba. Category: Meal Takeaway. Known for Meal Takeaway dishes. Located at 2424 Wilson Blvd, Arlington. Rated 3.9 stars. A popular spot for people craving Meal Takeaway or similar foods."
Ravi Chatkhara,3.9,Restaurant,"303 N Glebe Rd, Arlington",22201,"Ravi Chatkhara. Category: Restaurant. Known for Restaurant dishes. Located at 303 N Glebe Rd, Arlington. Rated 3.9 stars. A popular spot for people craving Restaurant or similar foods."
Deshi Spice,3.7,Restaurant,"5169 Langston Blvd., Arlington",22201,"Deshi Spice. Category: Restaurant. Known for Restaurant dishes. Located at 5169 Langston Blvd., Arlington. Rated 3.7 stars. A popular spot for people craving Restaurant or similar foods."
Minerva Express,3.7,Restaurant,"4815 Lee Hwy, Arlington",22201,"Minerva Express. Category: Restaurant. Known for Restaurant dishes. Located at 4815 Lee Hwy, Arlington. Rated 3.7 stars. A popular spot for people craving Restaurant or similar foods."
Gharer Khabar,3.5,Restaurant,"5157 Lee Hwy, Arlington",22201,"Gharer Khabar. Category: Restaurant. Known for Restaurant dishes. Located at 5157 Lee Hwy, Arlington. Rated 3.5 stars. A popular spot for people craving Restaurant or similar foods."
Thai Curry,3.5,Meal Delivery,"307 N Glebe Rd, Arlington",22201,"Thai Curry. Category: Meal Delivery. Known for Meal Delivery dishes. Located at 307 N Glebe Rd, Arlington. Rated 3.5 stars. A popular spot for people craving Meal Delivery or similar foods."
Aladdin's kitchen VA,3.5,Restaurant,"5169 Langston Blvd., Arlington",22201,"Aladdin's kitchen VA. Category: Restaurant. Known for Restaurant dishes. Located at 5169 Langston Blvd., Arlington. Rated 3.5 stars. A popular spot for people craving Restaurant or similar foods."
Potomac Restaurant & Lounge,2.9,Bar,"900 S Orme St, Arlington",22201,"Potomac Restaurant & Lounge. Category: Bar. Known for Bar dishes. Located at 900 S Orme St, Arlington. Rated 2.9 stars. A popular spot for people craving Bar or similar foods."
Jyoti Indian Bistro,2.5,"Meal Delivery, Meal Takeaway","1033 W Glebe Rd, Alexandria",22201,"Jyoti Indian Bistro. Category: Meal Delivery, Meal Takeaway. Known for Meal Delivery, Meal Takeaway dishes. Located at 1033 W Glebe Rd, Alexandria. Rated 2.5 stars. A popular spot for people craving Meal Delivery, Meal Takeaway or similar foods."
